algorithm,size,trials,median_seconds,min_seconds,max_seconds
Insertion,10,201,2.21e-07,1.4e-07,6.46e-07
Selection,10,201,2.31e-07,1.89e-07,4.07e-07
Merge,10,201,3.73e-07,2.59e-07,7.52e-07
Quick,10,201,9.08e-07,5.41e-07,7.448e-06
Insertion,100,201,4.325e-06,3.785e-06,8.267e-06
Selection,100,201,1.6943e-05,1.5745e-05,2.1967e-05
Merge,100,201,7.002e-06,6.412e-06,1.2855e-05
Quick,100,201,1.0087e-05,8.776e-06,1.6104e-05
Insertion,1000,201,6.2215e-05,5.8212e-05,0.000164024
Selection,1000,201,0.000574481,0.000567209,0.000613417
Merge,1000,201,3.511e-05,3.4462e-05,4.0053e-05
Quick,1000,201,4.4195e-05,4.2091e-05,5.0125e-05
Insertion,10000,11,0.00537329,0.00533004,0.00543675
Selection,10000,11,0.0653241,0.0586583,0.130634
Merge,10000,11,0.000657338,0.000490808,0.000805749
Quick,10000,11,0.00116273,0.000898344,0.00120335
Insertion,100000,3,1.07883,1.03007,1.15541
Selection,100000,3,7.07742,6.87386,8.60632
Merge,100000,11,0.0133767,0.01191,0.0135005
Quick,100000,11,0.013501,0.0133726,0.0137184
Merge,1000000,5,0.15957,0.15937,0.160597
Quick,1000000,5,0.146386,0.145014,0.14755
